text,category
Mental health is as important as physical health. Stress management techniques reduce anxiety. Therapy helps people cope with challenges.,Health
Investment strategies grow business capital. Diversification reduces financial risk. Long-term investments provide stable returns.,Business
Volleyball requires jumping and spiking skills. Teams work together to score points. Communication is essential for coordination.,Sports
Entrepreneurship involves creating new business ventures. Innovation drives competitive advantage. Risk-taking is necessary for business growth.,Business
Supply chain management optimizes product delivery. Logistics coordinates transportation and storage. Efficient supply chains reduce costs and delays.,Business
Scientific method involves observation and experimentation. Hypotheses are tested through experiments. Theories explain observed phenomena.,Science
DNA contains genetic information passed from parents to offspring. Genes determine inherited characteristics. Genetic engineering can modify organisms for beneficial purposes.,Science
Exercise improves physical and mental health. Regular physical activity strengthens the heart. Exercise releases endorphins that boost mood.,Health
Robotics and automation are transforming manufacturing industries. Industrial robots perform repetitive tasks with precision. Autonomous systems reduce human error and increase efficiency.,Technology
Artificial intelligence and machine learning are revolutionizing the tech industry. Deep learning algorithms can now process vast amounts of data and make predictions with remarkable accuracy. Neural networks have become the backbone of modern AI systems.,Technology
Web development frameworks simplify building websites. Frontend frameworks create interactive user interfaces. Backend frameworks handle server-side logic.,Technology
"Atoms are composed of protons, neutrons, and electrons. The nucleus contains protons and neutrons. Electrons orbit around the nucleus.",Science
Weightlifting builds muscle strength. Progressive overload increases strength over time. Proper form prevents injuries.,Sports
Light behaves as both waves and particles. Reflection and refraction change light direction. Colors result from different wavelengths.,Science
Vision care protects eye health. Regular eye exams detect vision problems. Protective eyewear prevents eye injuries.,Health
The Internet of Things connects everyday devices to the internet. Smart homes use IoT sensors for automation and energy efficiency. Industrial IoT improves manufacturing processes and predictive maintenance.,Technology
Rugby is a physical contact sport. Teams compete to score tries. Strength and endurance are important.,Sports
Gymnastics requires flexibility and strength. Athletes perform routines on various apparatus. Precision and artistry are valued.,Sports
Edge computing processes data closer to the source. This reduces latency and bandwidth usage. IoT devices benefit from edge computing capabilities.,Technology
Magnetism occurs when electric charges move. Magnets have north and south poles. Magnetic fields influence charged particles.,Science
Quality control ensures product standards. Customer feedback improves quality. Continuous improvement enhances business processes.,Business
Weight management requires balanced diet and exercise. Calorie balance determines weight changes. Sustainable habits maintain healthy weight.,Health
Cells are the basic units of life. Organelles perform specific functions within cells. Cell division creates new cells for growth and repair.,Science
Leadership skills are essential for managing teams. Effective communication motivates employees. Decision-making requires analyzing risks and opportunities.,Business
Cycling improves leg strength and cardiovascular health. Road and mountain biking offer different challenges. Safety equipment prevents accidents.,Sports
Computer vision allows machines to interpret visual information. Image recognition systems identify objects in photos. Facial recognition technology has various applications.,Technology
Marketing strategies help businesses reach target audiences. Digital marketing uses online platforms for promotion. Brand awareness increases customer recognition and loyalty.,Business
Pain management improves quality of life. Various treatments address different pain types. Physical therapy helps manage chronic pain.,Health
Virtual and augmented reality create immersive user experiences. VR headsets transport users to virtual worlds. AR overlays digital information onto the real world.,Technology
Yoga improves flexibility and mental well-being. Different poses target various body parts. Meditation enhances mindfulness and relaxation.,Sports
5G networks provide ultra-fast internet connectivity. Low latency enables real-time applications. The Internet of Things benefits greatly from 5G technology.,Technology
Strategic planning sets long-term business goals. SWOT analysis evaluates strengths and weaknesses. Market research identifies customer needs.,Business
Hydration is essential for body functions. Water regulates body temperature. Dehydration causes fatigue and health problems.,Health
Electricity flows through conductive materials. Circuits provide paths for electric current. Voltage and resistance determine current flow.,Science
Chronic disease management improves quality of life. Medication adherence is important. Lifestyle changes complement medical treatment.,Health
Quantum computing promises to solve complex problems exponentially faster. Quantum algorithms can break traditional encryption methods. Research in quantum computing is advancing rapidly.,Technology
Baseball involves hitting and fielding skills. Pitchers throw different types of pitches. Strategy plays a key role in game outcomes.,Sports
Running builds endurance and strength. Marathon training requires gradual distance increases. Proper form prevents running injuries.,Sports
Ecosystems include living organisms and their environment. Food chains show energy transfer. Biodiversity maintains ecosystem health.,Science
Software testing ensures applications work correctly. Automated testing reduces manual effort. Test-driven development writes tests before code implementation.,Technology
Project management ensures timely completion of tasks. Gantt charts visualize project timelines. Risk management prevents project failures.,Business
The human body contains multiple organ systems. The circulatory system transports blood. The nervous system controls body functions.,Science
Data science combines statistics and programming to extract insights. Big data analytics helps organizations make data-driven decisions. Data visualization makes complex information understandable.,Technology
Allergy management prevents severe reactions. Avoiding triggers reduces symptoms. Medications treat allergic reactions.,Health
The water cycle describes how water moves through the environment. Evaporation turns liquid water into vapor. Precipitation returns water to Earth's surface.,Science
Open source software promotes collaboration and innovation. Developers contribute to projects freely. Open source licenses allow code sharing and modification.,Technology
Nutrition provides essential nutrients for the body. Balanced diets include fruits and vegetables. Proper nutrition prevents chronic diseases.,Health
Newton's laws of motion describe how objects move. Gravity pulls objects toward Earth. Force equals mass times acceleration.,Science
Soccer is the world's most popular sport. Players use footwork and ball control. Teamwork is essential for winning matches.,Sports
DevOps practices bridge development and operations teams. Continuous integration automates testing and deployment. Containerization with Docker simplifies application deployment.,Technology
The periodic table organizes chemical elements by atomic number. Elements combine to form compounds. Chemical reactions involve breaking and forming bonds.,Science
Blockchain technology offers decentralized and secure transaction systems. Cryptocurrencies use blockchain for transparent and immutable records. Smart contracts automate agreements without intermediaries.,Technology
Database management systems store and organize data efficiently. SQL databases use structured query language. NoSQL databases handle unstructured data effectively.,Technology
Microscopes reveal structures too small to see. Electron microscopes provide high magnification. Microscopy advances scientific understanding.,Science
Software engineering practices ensure code quality and maintainability. Agile methodologies promote iterative development. Version control systems track code changes effectively.,Technology
Martial arts teach self-defense and discipline. Different styles emphasize various techniques. Training improves physical and mental strength.,Sports
Mobile app development has become essential for businesses. Native and cross-platform frameworks enable faster deployment. User experience design is critical for app success.,Technology
Swimming improves cardiovascular fitness. Different strokes target various muscle groups. Competitive swimming requires technique and endurance.,Sports
Plate tectonics explains continental movement. Earth's crust consists of moving plates. Earthquakes occur at plate boundaries.,Science
Dental health prevents oral diseases. Regular brushing and flossing remove plaque. Dental check-ups detect problems early.,Health
Business ethics guide moral decision-making. Corporate social responsibility benefits communities. Ethical practices build trust.,Business
Respiratory health depends on avoiding pollutants. Smoking damages lung function. Exercise improves respiratory capacity.,Health
Partnerships expand business capabilities. Joint ventures share resources and risks. Strategic alliances create competitive advantages.,Business
Customer service builds strong relationships with clients. Satisfied customers become brand advocates. Problem resolution maintains customer satisfaction.,Business
Accounting tracks financial transactions and performance. Balance sheets show assets and liabilities. Profit and loss statements reveal profitability.,Business
Golf requires precision and patience. Players aim for the lowest score. Course management is important for success.,Sports
Human resources manage employee recruitment and development. Training programs improve workforce skills. Employee retention reduces turnover costs.,Business
Olympic games showcase athletic excellence. Athletes train for years to compete. Sportsmanship and fair play are valued.,Sports
Football combines strength and strategy. Teams compete to score touchdowns. Training improves player performance and reduces injuries.,Sports
Skin health requires protection from sun damage. Sunscreen prevents skin cancer. Regular skin checks detect problems early.,Health
Track and field includes running and jumping events. Athletes compete in various disciplines. Training improves speed and technique.,Sports
Financial planning ensures long-term business sustainability. Budgets allocate resources effectively. Cash flow management prevents liquidity problems.,Business
Globalization expands business markets internationally. Cultural understanding prevents misunderstandings. International trade increases opportunities.,Business
Sales techniques persuade customers to purchase products. Relationship building creates repeat customers. Negotiation skills close business deals.,Business
Hearing health protects against noise damage. Ear protection prevents hearing loss. Regular hearing tests monitor function.,Health
Innovation drives business competitiveness. Research and development create new products. Technology adoption improves efficiency.,Business
Cricket is popular in many countries. Batsmen score runs by hitting the ball. Bowlers try to dismiss batsmen.,Sports
Sound waves travel through air and other media. Frequency determines pitch. Amplitude determines volume.,Science
First aid knowledge saves lives in emergencies. CPR can restart stopped hearts. Basic first aid skills are valuable.,Health
Time management maximizes productivity. Prioritization focuses on important tasks. Delegation distributes workload effectively.,Business
Tennis requires agility and precision. Players serve and return balls across the net. Mental focus is crucial during matches.,Sports
Preventive care detects health problems early. Regular check-ups monitor overall health. Vaccinations prevent infectious diseases.,Health
Stars form from clouds of gas and dust. Nuclear fusion powers stars. Stars eventually die and form new elements.,Science
The solar system consists of planets orbiting the sun. Earth is the third planet from the sun. Gravity keeps planets in their orbits.,Science
Cloud computing has transformed how businesses store and access data. Companies are migrating to cloud platforms for better scalability and cost efficiency. Serverless architectures enable developers to build applications without managing infrastructure.,Technology
Corporate culture influences employee behavior. Values and mission guide decision-making. Positive culture improves productivity.,Business
Climate change is caused by increased greenhouse gas emissions. Global temperatures are rising due to human activities. Renewable energy can reduce carbon footprints.,Science
Cybersecurity is crucial in protecting digital assets from threats. Encryption technologies safeguard sensitive information. Firewalls and intrusion detection systems prevent unauthorized access to networks.,Technology
Photosynthesis converts sunlight into chemical energy in plants. Chlorophyll captures light energy. This process produces oxygen and glucose.,Science
Cardiovascular health depends on exercise and diet. Heart disease is preventable through lifestyle changes. Regular exercise strengthens the cardiovascular system.,Health
Bone health requires calcium and vitamin D. Weight-bearing exercises strengthen bones. Osteoporosis prevention starts early in life.,Health
Skiing requires balance and coordination. Downhill and cross-country skiing differ in technique. Safety equipment is essential on slopes.,Sports
Meditation reduces stress and improves focus. Mindfulness practices enhance mental well-being. Regular meditation improves emotional regulation.,Health
Sleep is crucial for physical and mental recovery. Adults need seven to nine hours of sleep. Sleep deprivation affects cognitive function.,Health
The theory of evolution explains how species change over time. Natural selection favors traits that improve survival. Genetic mutations introduce variation in populations.,Science
Basketball requires teamwork and coordination. Players must shoot accurately and defend effectively. The game involves strategy and physical fitness.,Sports
Boxing combines strength and technique. Fighters train extensively for matches. Safety equipment protects athletes from injuries.,Sports
Natural language processing enables computers to understand human language. Chatbots use NLP to interact with users. Language models can generate human-like text.,Technology
Immune system function depends on lifestyle factors. Adequate sleep supports immune health. Stress weakens immune system function.,Health
E-commerce enables online business transactions. Payment gateways process digital payments. Online stores reach global customers.,Business
